Country	Div Rank	Gender Rank	Overall Rank	Swim	Bike	Run	Finish	Points
USA	1	1	1	00:51:33	04:25:01	02:55:53	08:17:37	5000
USA	2	2	2	00:51:39	04:41:50	02:57:41	08:36:12	4777
USA	4	4	4	00:50:08	04:38:27	03:07:27	08:41:33	4712
USA	8	9	9	00:58:15	04:51:30	03:05:28	09:00:15	4488
USA	9	10	10	01:01:26	04:48:31	03:07:33	09:03:22	4451
USA	10	11	11	00:56:24	04:49:56	03:13:03	09:05:23	4426
USA	11	14	17	00:58:03	04:57:16	03:15:35	09:17:48	4277
USA	13	17	21	00:55:09	04:56:23	03:26:12	09:23:18	4211
USA	2	18	22	01:00:10	05:06:34	03:11:15	09:24:13	4975
USA	2	20	24	00:57:30	05:02:44	03:20:08	09:26:58	4610
USA	1	27	31	01:06:33	05:03:13	03:13:55	09:31:32	5000
USA	4	29	33	01:02:48	05:05:24	03:16:47	09:32:44	4541
USA	17	30	34	00:57:59	04:58:05	03:30:16	09:33:17	4092
USA	2	31	35	00:56:50	05:12:40	03:18:49	09:35:33	4951
USA	3	32	36	01:04:13	05:11:17	03:13:32	09:37:18	4930
USA	5	34	40	01:01:54	05:19:20	03:11:30	09:39:18	4794
USA	5	37	43	01:06:36	04:59:33	03:28:17	09:41:30	4614
USA	8	46	53	01:03:34	04:58:36	03:36:24	09:45:42	4385
USA	6	48	55	00:59:31	04:51:08	03:49:32	09:46:30	4554
USA	7	52	59	01:09:44	05:06:53	03:24:33	09:49:24	4673
USA	8	53	60	01:00:05	04:51:02	03:52:53	09:49:37	4670
USA	8	57	66	01:03:04	05:13:19	03:28:53	09:52:25	4483
USA	9	58	67	01:02:05	05:27:25	03:17:30	09:54:14	4615
USA	13	60	69	01:06:28	04:51:01	03:50:21	09:54:40	4722
USA	1	63	74	01:08:03	05:09:53	03:32:04	09:56:57	5000
USA	10	64	75	01:03:46	04:58:58	03:47:33	09:57:01	4582
USA	5	66	78	01:04:05	05:11:30	03:33:11	09:58:51	4772
USA	12	68	80	01:04:57	05:18:12	03:25:31	09:59:02	4225
USA	13	69	81	01:04:01	05:17:10	03:30:52	09:59:41	4218
USA	12	72	84	00:51:00	05:27:01	03:37:40	10:02:45	4513
USA	10	74	89	01:04:12	05:07:32	03:48:53	10:07:44	4299
USA	2	77	92	01:06:23	05:19:04	03:36:13	10:09:25	4838
USA	14	78	93	00:59:23	05:16:54	03:46:46	10:10:33	4087
USA	13	84	99	01:06:36	05:14:00	03:47:17	10:14:35	4371
USA	18	89	105	01:06:12	05:17:08	03:47:47	10:17:35	4447
USA	7	92	108	00:58:41	05:20:43	03:51:54	10:18:52	4531
USA	13	94	110	01:12:35	05:41:07	03:17:59	10:19:34	4157
USA	4	95	112	01:01:16	05:29:17	03:42:18	10:21:23	4706
USA	9	96	113	01:04:33	05:00:43	04:08:44	10:21:40	4498
USA	5	99	116	01:02:23	05:11:06	03:59:50	10:22:41	4691
USA	14	100	117	01:12:40	05:18:41	03:44:47	10:22:54	4117
USA	21	103	120	01:05:11	05:27:09	03:42:42	10:24:04	4369
USA	16	104	121	01:19:05	05:20:35	03:37:45	10:25:18	4088
USA	15	105	122	00:56:02	05:17:15	04:04:30	10:25:30	4240
USA	17	106	123	01:05:24	05:19:44	03:55:05	10:26:15	4077
USA	16	108	125	01:08:21	05:12:44	03:55:47	10:26:37	4226
USA	10	109	126	01:18:53	05:05:01	03:51:04	10:26:50	4436
USA	19	111	129	01:01:31	05:13:47	04:04:37	10:27:22	3885
USA	11	112	130	01:05:42	05:23:57	03:40:11	10:28:04	4421
USA	19	116	135	01:02:06	05:46:42	03:32:30	10:28:52	4199
USA	23	117	137	00:56:21	05:34:02	03:50:18	10:28:57	4311
USA	24	118	138	01:06:05	05:27:30	03:47:44	10:29:42	4302
USA	25	120	140	01:02:40	05:22:56	03:55:34	10:30:28	4292
USA	26	121	141	01:07:18	05:16:30	03:58:15	10:30:31	4292
USA	12	122	142	01:04:43	05:31:15	03:44:09	10:30:35	4391
USA	13	123	143	01:09:14	05:26:08	03:44:50	10:30:41	4390
USA	20	127	148	00:58:07	05:48:26	03:37:18	10:32:33	4155
USA	20	132	153	01:00:32	05:27:44	03:56:52	10:33:52	3985
USA	28	135	156	01:05:20	05:21:40	03:58:22	10:34:01	4250
USA	16	136	157	00:57:01	05:28:14	03:59:28	10:34:05	4349
USA	29	139	160	01:06:19	05:22:25	04:02:23	10:38:23	4197
USA	22	142	164	01:13:02	05:18:36	03:59:01	10:39:10	3922
USA	19	148	170	01:05:30	05:26:47	04:01:31	10:42:27	4248
USA	21	150	172	01:14:08	05:24:42	03:55:37	10:42:56	4243
USA	1	158	180	01:03:06	05:35:01	04:00:03	10:45:27	5000
USA	26	160	182	01:21:18	05:27:17	03:48:20	10:45:49	3842
USA	30	162	184	01:14:45	05:28:54	03:55:20	10:46:21	3658
USA	2	164	186	01:09:08	05:36:33	03:52:15	10:47:02	4981
USA	22	173	195	00:56:26	05:49:22	03:54:19	10:49:08	4168
USA	28	178	201	01:05:36	05:31:30	04:04:43	10:50:19	3788
USA	26	187	211	00:54:41	05:55:02	03:52:02	10:52:19	3918
USA	27	188	213	01:11:40	05:34:36	03:57:48	10:52:31	3916
USA	3	190	215	01:05:18	05:36:05	04:03:11	10:53:30	4309
USA	29	193	219	01:03:06	05:28:17	04:14:43	10:54:00	3744
USA	28	194	220	01:08:27	05:33:31	04:00:47	10:54:09	3896
USA	30	199	225	01:04:45	05:27:34	04:13:07	10:55:14	4095
USA	30	200	226	01:00:25	05:50:08	03:55:02	10:55:37	3724
USA	31	202	228	01:01:36	05:50:08	03:50:47	10:56:31	3714
USA	44	212	240	01:07:10	05:17:40	04:27:07	10:59:13	3503
USA	37	215	243	01:21:38	05:46:48	03:40:59	11:00:04	3937
USA	46	216	245	01:07:24	05:26:41	04:16:27	11:00:31	3488
USA	35	225	254	01:09:21	05:17:15	04:25:07	11:02:01	4014
USA	39	228	258	00:57:42	05:25:30	04:32:12	11:02:36	3907
USA	31	233	263	00:57:56	05:48:07	04:07:05	11:03:22	3785
USA	41	235	265	01:11:24	05:24:56	04:17:45	11:03:38	3894
USA	32	237	267	01:02:12	05:47:50	04:00:12	11:03:49	3780
USA	39	239	269	01:03:59	05:36:01	04:15:21	11:03:56	3991
USA	41	242	272	01:05:44	05:31:32	04:16:57	11:04:49	3980
USA	33	244	274	01:08:36	05:28:03	04:20:52	11:04:57	3766
USA	37	245	275	00:58:39	05:23:30	04:35:50	11:05:05	3611
USA	16	246	276	01:05:05	05:25:54	04:27:29	11:05:11	4181
USA	43	250	282	00:53:23	05:33:54	04:27:16	11:06:02	3965
USA	35	252	284	01:06:02	05:52:17	03:47:20	11:06:13	3751
USA	36	253	285	01:09:06	05:13:09	04:36:58	11:06:13	3751
USA	53	255	287	01:06:34	05:45:03	04:03:56	11:06:44	3413
USA	54	257	290	01:05:50	05:32:55	04:20:37	11:07:35	3403
USA	44	259	293	01:09:41	05:37:39	04:09:45	11:08:25	3937
USA	45	261	295	01:12:00	05:43:20	04:04:16	11:09:32	3923
USA	45	263	298	01:02:26	05:07:40	04:53:22	11:09:43	3821
USA	48	266	302	01:25:28	05:26:52	04:05:41	11:10:08	3816
USA	49	267	303	01:07:14	05:49:52	04:04:46	11:10:17	3815
USA	56	268	304	01:08:17	05:17:33	04:35:38	11:10:49	3364
USA	50	271	307	01:02:14	05:37:32	04:21:58	11:11:23	3801
USA	58	273	309	01:12:10	06:03:48	03:42:29	11:11:25	3357
USA	46	274	310	01:19:36	05:24:02	04:14:21	11:11:37	3898
USA	47	276	312	01:09:48	05:43:11	04:07:11	11:12:04	3893
USA	59	277	313	01:09:54	05:32:07	04:21:09	11:12:11	3348
USA	61	279	315	01:13:59	05:47:58	04:01:36	11:13:00	3338
USA	5	282	319	01:02:13	05:28:20	04:26:10	11:13:36	4068
USA	53	283	321	01:10:25	05:57:40	03:57:29	11:13:53	3771
USA	48	284	322	01:13:26	05:34:27	04:09:35	11:14:02	3869
USA	63	285	324	01:09:56	05:45:54	04:05:36	11:15:19	3310
USA	49	286	325	01:14:09	05:14:16	04:34:34	11:15:35	3851
USA	37	288	327	01:05:55	05:39:04	04:20:21	11:15:37	3638
USA	18	289	328	01:13:19	05:41:18	04:10:08	11:15:47	4054
USA	38	294	333	01:21:33	05:50:09	03:46:32	11:16:41	3626
USA	45	295	334	01:09:30	05:59:11	04:00:31	11:16:47	3470
USA	65	296	335	01:14:50	05:35:47	04:13:53	11:16:50	3292
USA	46	297	336	00:59:31	05:43:49	04:21:21	11:16:51	3470
USA	39	299	338	01:12:51	05:46:34	04:08:25	11:17:29	3616
USA	20	303	343	01:09:52	05:24:05	04:34:28	11:18:44	4018
USA	47	304	345	01:22:37	05:50:42	03:54:09	11:19:01	3444
USA	5	308	349	01:03:41	06:04:29	04:02:24	11:19:24	4592
USA	70	313	354	01:22:10	05:34:45	04:12:02	11:20:15	3251
USA	3	314	355	01:09:50	05:40:40	04:22:19	11:20:19	4823
USA	71	316	357	01:19:15	05:49:39	04:00:25	11:20:37	3246
USA	6	317	358	01:21:04	05:36:59	04:12:18	11:20:51	3981
USA	73	319	360	01:22:03	05:46:32	03:59:11	11:21:08	3240
USA	22	322	365	01:17:34	05:50:00	04:02:05	11:22:06	3978
USA	74	326	369	01:06:59	05:41:47	04:24:58	11:23:31	3212
USA	9	328	371	01:14:16	05:24:59	04:35:25	11:23:48	4539
USA	50	333	376	01:25:54	05:37:39	04:12:28	11:24:23	3379
USA	24	335	380	01:14:29	05:35:50	04:19:14	11:25:17	3940
USA	51	336	381	01:19:01	05:51:27	04:02:43	11:25:31	3366
USA	1	338	383	01:19:40	05:20:13	04:31:27	11:25:36	5000
USA	52	342	389	01:01:14	05:55:16	04:20:00	11:26:27	3354
USA	11	350	397	00:59:58	05:41:41	04:24:44	11:27:06	4500
USA	82	351	398	01:07:31	05:37:43	04:32:19	11:27:10	3168
USA	42	356	403	01:09:30	05:41:16	04:26:49	11:27:48	3492
USA	59	359	406	00:54:49	05:31:16	04:53:08	11:28:07	3601
USA	60	362	409	01:09:05	06:12:13	03:54:33	11:28:39	3594
USA	54	365	412	01:12:42	05:45:03	04:21:13	11:29:29	3684
USA	55	366	413	01:00:16	05:22:48	04:59:14	11:29:29	3318
USA	86	367	415	01:15:45	05:37:49	04:27:22	11:29:45	3137
USA	62	368	416	01:04:23	05:23:07	04:54:34	11:29:51	3580
USA	28	371	419	01:09:17	05:42:03	04:29:38	11:30:14	3880
USA	4	372	420	01:19:19	05:37:54	04:22:18	11:30:20	4703
USA	63	374	422	01:14:11	05:41:18	04:23:55	11:30:28	3572
USA	45	376	424	01:07:51	05:51:56	04:16:10	11:30:34	3459
USA	55	377	425	01:08:05	05:34:37	04:38:23	11:30:36	3671
USA	64	378	427	01:14:13	05:50:36	04:17:13	11:31:12	3564
USA	88	380	429	01:19:20	05:25:05	04:37:36	11:31:24	3117
USA	29	383	434	01:15:44	05:44:05	04:19:39	11:32:21	3855
USA	57	389	442	01:03:47	06:02:58	04:17:14	11:33:06	3641
USA	58	391	444	01:14:51	05:59:27	04:09:22	11:33:20	3272
USA	67	394	447	01:23:52	05:47:23	04:08:54	11:33:54	3531
USA	69	399	453	01:10:44	05:47:40	04:27:57	11:35:24	3513
USA	32	402	457	01:08:22	05:40:14	04:35:59	11:35:37	3816
USA	11	407	464	01:18:11	05:55:57	04:08:31	11:36:21	3795
USA	33	411	470	01:11:03	05:44:22	04:30:14	11:37:10	3797
USA	98	413	472	01:11:09	05:40:43	04:34:12	11:37:21	3046
USA	5	415	475	01:14:04	05:35:53	04:37:24	11:37:42	4614
USA	49	416	476	01:08:19	05:38:03	04:41:48	11:38:13	3367
USA	60	418	480	01:04:01	05:32:29	04:52:20	11:38:55	3571
USA	99	419	481	01:06:00	05:45:57	04:36:21	11:39:12	3023
USA	71	421	484	01:15:24	06:15:46	03:53:54	11:39:39	3462
USA	61	423	486	01:14:11	05:29:39	04:44:35	11:39:51	3560
USA	102	427	492	01:13:18	05:40:50	04:36:21	11:40:27	3008
USA	63	429	495	01:17:49	05:41:55	04:29:19	11:40:51	3182
USA	73	434	502	01:15:46	05:56:36	04:20:28	11:41:24	3441
USA	104	443	513	01:14:34	05:41:16	04:31:39	11:43:00	2978
USA	67	447	517	01:14:15	06:10:19	04:09:37	11:43:44	3147
USA	76	449	519	01:05:24	05:52:02	04:36:06	11:44:09	3408
USA	106	451	521	01:07:40	05:42:10	04:41:23	11:44:14	2963
USA	40	453	525	01:06:45	05:43:45	04:43:33	11:44:41	3707
USA	65	454	527	01:19:59	05:32:42	04:42:47	11:44:56	3499
USA	52	458	532	00:57:33	06:21:56	04:13:35	11:45:17	3282
USA	69	459	533	01:10:52	05:32:53	04:49:24	11:45:23	3127
USA	70	461	536	01:19:27	06:00:32	04:12:36	11:45:35	3125
USA	13	464	540	01:34:11	05:57:34	04:01:31	11:45:47	3682
USA	78	465	541	01:21:00	05:36:52	04:38:53	11:45:47	3389
USA	109	467	543	01:19:02	06:02:59	04:12:43	11:45:52	2943
USA	110	468	544	01:15:27	05:58:36	04:18:25	11:45:55	2943
USA	114	475	553	00:56:53	05:46:01	04:52:35	11:47:34	2923
USA	115	476	554	01:17:12	05:46:25	04:35:19	11:47:43	2921
USA	69	477	556	01:12:50	05:49:58	04:33:48	11:47:54	3463
USA	117	479	558	01:15:20	06:05:27	04:12:32	11:48:15	2915
USA	41	482	563	01:10:10	05:50:49	04:36:15	11:48:44	3658
USA	42	483	564	01:11:20	05:58:27	04:27:18	11:49:15	3652
USA	43	484	565	01:10:08	05:58:32	04:23:32	11:49:19	3651
USA	72	486	569	01:03:19	05:47:57	04:50:03	11:49:40	3076
USA	44	488	571	01:16:11	05:50:06	04:28:29	11:49:43	3646
USA	53	491	574	01:14:08	06:11:33	04:12:56	11:49:56	3227
USA	71	495	578	01:13:24	05:21:27	05:01:24	11:50:36	3431
USA	72	497	580	01:19:50	05:45:18	04:36:31	11:50:54	3427
USA	83	498	581	01:32:22	06:12:17	03:51:35	11:51:12	3324
USA	121	500	583	01:15:37	06:00:34	04:15:57	11:51:18	2878
USA	122	502	585	01:07:23	05:35:25	04:56:22	11:51:25	2877
USA	123	504	587	01:11:04	06:00:24	04:25:01	11:52:08	2868
USA	124	505	588	01:12:52	06:07:09	04:16:26	11:52:08	2868
USA	74	508	591	01:18:48	06:13:06	04:08:30	11:52:27	3408
USA	75	510	594	01:03:39	06:07:15	04:25:27	11:52:53	3403
USA	74	511	595	01:17:11	05:52:54	04:30:21	11:52:53	3037
USA	76	512	596	01:14:07	05:44:29	04:42:05	11:53:00	3402
USA	126	514	598	00:56:48	05:46:10	05:02:17	11:53:04	2857
USA	47	516	600	01:13:38	05:53:07	04:38:48	11:53:21	3603
USA	77	517	601	01:10:33	05:36:14	04:52:51	11:53:24	3397
USA	85	518	603	01:12:25	05:22:33	05:01:23	11:53:26	3297
USA	79	520	606	01:17:16	05:44:28	04:39:55	11:53:47	3392
USA	14	521	607	01:16:24	06:10:27	04:17:56	11:53:57	3584
USA	48	523	609	01:07:46	05:56:19	04:40:24	11:54:11	3593
USA	128	524	611	00:57:13	05:20:40	05:23:39	11:54:24	2841
USA	81	535	625	01:29:27	05:42:59	04:32:29	11:55:45	3369
USA	87	538	628	01:05:51	06:08:28	04:20:32	11:56:18	3262
USA	88	539	629	01:18:08	05:19:10	05:10:12	11:56:31	3260
USA	82	540	631	01:14:24	06:07:03	04:20:20	11:56:35	3359
USA	83	541	633	01:06:55	05:42:09	04:55:11	11:56:37	3358
USA	134	542	634	01:26:54	05:38:56	04:37:37	11:56:56	2811
USA	89	543	635	01:14:22	06:03:33	04:27:53	11:57:16	3251
USA	135	544	636	01:09:11	06:14:03	04:23:22	11:57:17	2806
USA	136	545	637	01:24:22	05:48:00	04:27:00	11:57:19	2806
USA	84	547	640	01:13:33	05:55:12	04:34:59	11:58:04	3341
USA	76	549	643	01:08:38	05:50:15	04:50:07	11:58:26	2971
USA	138	555	651	01:13:46	05:27:50	05:04:35	11:59:47	2776
USA	6	558	657	01:07:55	05:52:42	04:50:06	12:00:59	4335
USA	7	559	658	01:14:19	05:37:49	04:53:09	12:01:00	4335
USA	78	561	660	01:29:10	05:37:55	04:41:02	12:01:02	2939
USA	88	564	666	01:20:55	05:24:33	05:07:51	12:02:02	3293
USA	51	567	669	01:13:57	06:15:13	04:21:44	12:02:16	3496
USA	52	568	670	01:20:04	05:44:27	04:42:53	12:02:20	3495
USA	82	580	685	01:12:29	06:04:36	04:36:35	12:04:24	2899
USA	142	581	686	01:08:17	05:29:08	05:19:21	12:04:32	2719
USA	83	583	688	01:16:51	06:26:00	04:11:18	12:04:52	2893
USA	59	586	694	01:12:51	06:11:13	04:26:55	12:05:34	3456
USA	93	589	699	01:16:57	05:46:54	04:52:01	12:06:14	3243
USA	94	590	700	01:14:42	05:32:13	05:05:42	12:06:23	3241
USA	144	592	702	01:13:21	06:04:21	04:29:02	12:06:35	2695
USA	92	594	704	01:13:57	06:01:13	04:31:39	12:06:40	3138
USA	60	595	705	01:29:58	05:52:11	04:32:54	12:06:41	3443
USA	86	596	709	01:05:29	05:53:02	04:54:19	12:07:33	2861
USA	61	598	712	01:09:16	05:32:13	05:16:23	12:07:52	3011
USA	62	603	717	01:02:07	06:03:45	04:49:40	12:08:23	3005
USA	147	606	720	01:01:17	05:33:49	05:17:42	12:08:36	2671
USA	94	608	722	01:15:22	06:24:34	04:14:36	12:08:40	3114
USA	63	609	724	01:13:53	06:46:15	03:56:00	12:08:51	3000
USA	98	612	728	01:15:16	06:08:56	04:31:31	12:09:36	3203
USA	97	615	731	01:14:35	06:18:58	04:26:15	12:09:50	3100
USA	89	617	734	01:23:33	06:24:09	04:11:58	12:10:14	2829
USA	101	619	736	01:11:01	06:06:19	04:39:22	12:10:23	3193
USA	90	620	738	01:22:23	05:36:25	04:56:28	12:10:55	2821
USA	104	624	744	01:17:16	06:11:53	04:27:02	12:11:21	3182
USA	150	626	746	01:09:33	06:22:16	04:26:34	12:11:27	2636
USA	64	628	748	01:16:03	06:07:40	04:35:43	12:11:30	2968
USA	151	629	749	00:59:58	05:36:31	05:26:57	12:11:46	2633
USA	105	630	750	01:10:47	05:42:50	05:04:30	12:11:52	3175
USA	107	635	756	01:13:12	06:02:40	04:44:14	12:12:56	3163
USA	65	637	758	01:04:44	06:21:07	04:30:48	12:13:08	2948
USA	153	639	760	01:02:59	05:59:37	04:59:56	12:13:32	2611
USA	92	640	761	00:58:02	06:23:33	04:39:59	12:13:40	2788
USA	66	641	763	01:15:59	05:51:13	04:51:17	12:14:01	2938
USA	154	642	764	01:07:18	05:59:27	04:55:54	12:14:05	2605
USA	16	644	766	01:24:57	06:20:46	04:19:08	12:14:34	3336
USA	63	646	768	01:21:37	06:06:15	04:34:10	12:15:17	3340
USA	104	647	769	01:13:40	06:00:13	04:44:36	12:15:19	3034
USA	67	651	774	01:13:19	05:48:37	05:01:23	12:15:31	2920
USA	64	652	775	01:17:18	06:18:17	04:23:03	12:15:40	3335
USA	68	654	779	01:10:21	06:32:44	04:22:29	12:15:57	2914
USA	69	655	781	00:58:51	06:37:19	04:24:41	12:16:24	2909
USA	109	657	783	01:11:57	06:05:07	04:48:52	12:16:45	3117
USA	110	658	784	01:25:40	05:46:41	04:50:28	12:16:48	3116
USA	156	659	785	01:13:42	06:02:13	04:50:58	12:17:08	2568
USA	94	660	786	01:30:52	05:54:09	04:41:20	12:17:32	2741
USA	106	661	789	01:14:09	06:14:24	04:31:35	12:17:51	3004
USA	95	666	795	01:13:28	05:51:24	05:03:15	12:18:44	2727
USA	108	667	796	01:27:04	05:26:54	05:15:28	12:18:45	2993
USA	158	669	799	01:08:36	05:53:58	04:59:26	12:18:59	2546
USA	159	671	801	01:29:04	06:07:50	04:27:48	12:19:32	2539
USA	163	676	806	01:15:06	05:51:37	05:01:47	12:20:41	2526
USA	66	679	810	01:22:27	05:54:39	04:49:21	12:22:06	3258
USA	114	681	812	01:20:53	05:35:32	05:13:05	12:22:11	3052
USA	115	683	814	01:04:12	05:58:57	05:03:03	12:22:19	3050
USA	116	684	815	01:21:11	05:45:48	04:58:30	12:22:26	3049
USA	70	685	816	01:08:51	06:24:13	04:33:54	12:22:28	2836
USA	166	690	821	01:25:00	06:21:49	04:17:53	12:23:00	2498
USA	97	692	823	01:20:42	06:11:28	04:37:47	12:23:11	2674
USA	110	696	828	01:15:27	05:35:58	05:20:45	12:23:35	2935
USA	168	697	830	01:07:46	05:31:45	05:31:22	12:23:40	2490
USA	99	698	831	01:11:20	05:33:02	05:30:08	12:23:41	2668
USA	68	699	832	01:27:03	06:19:00	04:23:34	12:23:47	3238
USA	69	701	838	01:29:18	06:03:56	04:31:32	12:24:57	3224
USA	111	702	840	01:14:52	06:20:58	04:39:09	12:25:13	2915
USA	71	704	842	01:10:27	05:58:24	04:59:03	12:25:24	3218
USA	74	709	847	01:21:31	06:38:53	04:07:06	12:26:14	3208
USA	112	711	849	01:17:53	06:11:56	04:40:33	12:26:23	2901
USA	170	712	850	01:19:07	06:04:36	04:50:31	12:26:28	2456
USA	113	720	858	01:20:30	06:05:56	04:47:14	12:27:01	2894
USA	21	721	859	01:19:22	06:23:43	04:31:15	12:27:05	3186
USA	114	723	862	01:06:30	05:56:31	05:13:56	12:27:24	2889
USA	173	724	863	01:21:01	06:00:53	04:52:05	12:27:26	2445
USA	122	725	864	01:14:44	06:00:06	05:00:00	12:27:35	2987
USA	123	727	866	01:13:31	05:28:41	05:35:44	12:27:44	2985
USA	9	728	867	01:21:39	06:08:33	04:45:15	12:27:52	4012
USA	174	732	874	01:10:01	06:06:42	04:58:59	12:28:30	2432
USA	23	734	876	01:18:03	05:50:33	05:05:44	12:28:54	3164
USA	175	737	879	01:17:49	06:11:06	04:45:17	12:29:13	2423
USA	77	738	880	01:06:36	05:46:39	05:21:39	12:29:25	3170
USA	75	743	885	01:05:53	05:55:23	05:13:03	12:30:10	2744
USA	10	747	890	01:34:40	06:11:36	04:33:52	12:30:58	3975
USA	127	748	891	01:16:21	05:46:54	05:17:03	12:31:25	2941
USA	128	749	892	01:08:14	06:30:40	04:38:47	12:31:46	2937
USA	76	750	893	01:25:30	06:20:26	04:29:32	12:31:54	2723
USA	104	751	894	01:14:34	06:01:12	04:37:01	12:31:56	2569
USA	129	752	895	01:25:15	05:36:03	05:16:51	12:31:59	2934
USA	181	760	903	01:24:45	05:53:26	04:59:55	12:32:35	2383
USA	78	762	906	01:14:54	06:02:48	05:02:30	12:33:06	3126
USA	79	764	908	01:14:10	06:05:13	04:58:49	12:33:27	3122
USA	80	765	909	01:09:06	06:30:40	04:42:21	12:33:29	3121
USA	134	768	915	00:57:49	06:13:27	05:08:50	12:34:10	2908
USA	184	769	916	01:08:15	06:09:32	05:03:52	12:34:38	2358
USA	185	771	918	01:08:22	05:55:23	05:14:52	12:34:42	2357
USA	135	773	920	01:18:30	05:56:25	05:08:17	12:34:51	2900
USA	188	776	924	01:21:03	06:06:58	04:54:55	12:35:00	2354
USA	189	777	925	01:16:11	06:15:17	04:50:45	12:35:08	2352
USA	191	781	931	01:17:01	05:53:03	05:12:28	12:35:30	2348
USA	118	784	935	01:18:56	06:03:39	04:52:05	12:36:39	2778
USA	192	785	936	01:07:49	05:43:27	05:37:02	12:36:51	2332
USA	138	786	938	01:17:58	06:06:55	04:59:09	12:37:04	2873
USA	119	787	939	01:54:28	05:55:28	04:27:27	12:37:10	2772
USA	120	789	941	01:10:42	05:59:22	05:14:15	12:37:18	2770
USA	140	790	942	01:35:55	06:20:02	04:29:52	12:37:19	2870
USA	141	791	944	01:21:10	06:04:05	04:53:38	12:37:25	2869
USA	194	793	946	01:11:11	06:01:02	05:09:27	12:37:33	2323
USA	195	794	947	01:17:48	06:05:06	05:03:09	12:37:44	2321
USA	143	798	951	01:23:58	05:48:00	05:06:28	12:38:29	2856
USA	198	801	956	01:11:33	06:11:43	04:57:27	12:39:06	2305
USA	84	804	959	01:02:18	05:46:42	05:38:35	12:39:23	3050
USA	144	805	960	01:13:15	05:51:32	05:21:58	12:39:35	2843
USA	77	806	961	01:25:27	05:56:53	05:04:43	12:39:41	2630
USA	145	807	963	01:27:10	06:04:36	04:51:19	12:39:49	2840
USA	121	808	965	01:16:59	06:16:41	04:51:10	12:40:09	2736
USA	11	816	975	01:22:25	06:08:17	04:57:02	12:40:43	3858
USA	108	818	978	01:11:59	05:49:01	05:24:31	12:41:02	2459
USA	85	819	979	01:06:51	05:35:29	05:45:31	12:41:22	3027
USA	27	822	984	01:13:33	06:02:34	05:01:01	12:41:51	3009
USA	200	827	990	01:22:15	06:10:46	04:51:19	12:42:19	2266
USA	201	828	991	01:22:07	06:18:47	04:47:33	12:42:20	2266
USA	12	829	992	01:12:15	06:21:29	04:54:57	12:42:22	3838
USA	89	832	998	01:20:00	06:00:58	05:09:31	12:43:02	3007
USA	90	833	999	01:16:04	06:33:38	04:37:41	12:43:04	3006
USA	204	839	1010	01:23:33	06:08:08	05:01:07	12:44:06	2245
USA	207	842	1014	01:16:49	06:04:11	05:10:40	12:44:16	2243
USA	29	843	1015	01:18:33	05:58:31	05:06:09	12:44:22	2979
USA	153	844	1017	01:14:53	05:44:40	05:32:54	12:44:26	2785
USA	154	845	1018	01:13:08	06:11:35	04:51:20	12:44:46	2781
USA	209	849	1023	01:12:16	05:58:45	05:21:43	12:45:34	2227
USA	210	850	1024	01:15:37	06:25:35	04:46:34	12:45:36	2227
USA	91	852	1026	01:27:15	05:56:04	05:12:30	12:45:43	2974
USA	211	853	1027	01:11:05	06:17:11	04:55:58	12:45:54	2223
USA	155	855	1030	01:12:45	05:55:19	05:23:43	12:46:05	2765
USA	212	857	1033	01:11:27	05:58:37	05:21:50	12:46:28	2216
USA	157	861	1037	01:22:36	06:18:00	04:52:03	12:46:55	2755
USA	124	863	1039	01:06:36	06:17:26	05:11:06	12:47:16	2651
USA	113	868	1046	01:26:06	06:12:03	05:00:08	12:47:58	2376
USA	94	869	1048	01:13:44	06:20:29	05:00:52	12:48:32	2941
USA	215	870	1049	01:09:42	05:55:34	05:31:54	12:48:37	2190
USA	159	873	1053	01:06:20	05:51:07	05:25:52	12:49:05	2729
USA	115	875	1055	01:12:16	06:22:33	05:01:10	12:49:15	2361
USA	24	876	1056	00:49:45	06:32:08	05:11:53	12:49:24	3512
USA	126	878	1059	01:28:46	06:11:52	05:00:18	12:50:16	2615
USA	161	879	1060	00:58:54	06:25:22	05:11:21	12:50:44	2709
USA	163	881	1064	01:23:00	06:12:53	04:58:07	12:50:55	2707
USA	128	888	1074	01:16:47	06:10:45	05:13:19	12:52:22	2590
USA	118	889	1075	01:16:53	06:19:06	05:03:19	12:52:22	2323
USA	216	890	1076	01:10:31	06:10:37	05:12:52	12:52:38	2142
USA	165	892	1079	01:15:40	05:49:22	05:35:00	12:52:51	2684
USA	166	893	1080	01:30:46	06:29:26	04:39:41	12:52:54	2683
USA	131	899	1088	01:25:10	06:18:46	04:54:46	12:53:32	2576
USA	84	902	1091	01:20:37	07:04:51	04:15:06	12:53:50	2460
USA	168	903	1092	01:26:54	06:07:46	05:03:03	12:53:52	2671
USA	220	904	1093	01:20:39	06:36:56	04:38:44	12:53:57	2126
USA	221	906	1096	01:24:44	06:11:28	05:01:28	12:54:32	2119
USA	132	907	1097	01:32:11	06:28:00	04:40:53	12:54:35	2563
USA	133	909	1101	01:11:25	06:56:21	04:35:08	12:55:17	2555
USA	134	911	1103	01:13:50	06:04:25	05:24:11	12:55:23	2553
USA	170	915	1109	01:30:35	06:15:24	04:45:54	12:55:53	2647
USA	99	917	1111	01:26:17	06:05:55	05:13:48	12:56:56	2840
USA	25	920	1114	01:02:27	06:13:47	05:27:18	12:57:15	3418
USA	172	921	1116	01:30:30	06:12:29	05:00:46	12:58:01	2622
USA	86	925	1121	00:55:45	06:06:17	05:43:47	12:58:20	2406
USA	176	929	1126	01:17:15	06:54:25	04:32:23	12:58:54	2611
USA	177	932	1131	01:28:15	06:17:50	04:54:24	12:59:43	2601
USA	225	935	1135	01:30:22	06:29:29	04:46:20	13:00:08	2052
USA	121	944	1149	01:22:36	06:11:28	05:17:15	13:01:29	2214
USA	180	946	1153	01:11:47	06:42:08	04:54:35	13:02:02	2573
USA	181	947	1154	01:15:25	06:58:43	04:25:34	13:02:11	2572
USA	139	948	1155	01:11:09	06:22:56	05:09:41	13:02:13	2471
USA	182	949	1156	01:25:58	05:51:11	05:26:36	13:02:43	2565
USA	104	951	1158	01:18:13	06:10:50	05:15:20	13:02:58	2767
USA	122	952	1162	01:12:51	06:30:49	04:59:14	13:03:54	2185
USA	140	953	1163	01:13:55	06:19:52	05:10:57	13:04:23	2445
USA	141	954	1164	01:20:05	06:17:17	05:13:54	13:04:32	2444
USA	230	957	1168	01:31:48	06:37:11	04:32:00	13:05:18	1990
USA	231	958	1169	01:16:43	06:30:16	05:01:48	13:05:22	1989
USA	3	962	1177	01:25:19	06:06:22	05:16:23	13:06:42	3786
USA	105	963	1178	01:35:16	06:48:43	04:19:12	13:06:46	2722
USA	185	965	1180	01:18:59	06:30:11	05:01:51	13:06:52	2515
USA	124	966	1181	01:36:25	06:10:30	05:06:42	13:07:11	2146
USA	186	971	1189	01:09:42	06:24:29	05:22:19	13:08:25	2497
USA	126	973	1192	01:12:44	06:27:50	05:12:42	13:08:42	2127
USA	31	974	1194	01:07:00	06:10:10	05:26:34	13:08:48	2685
USA	188	976	1196	01:18:08	06:51:51	04:42:52	13:09:04	2489
USA	234	977	1197	01:21:59	06:44:16	04:50:32	13:09:14	1943
USA	190	980	1200	01:17:12	06:14:27	05:23:59	13:09:42	2481
USA	144	984	1205	01:20:47	06:25:33	05:02:12	13:10:07	2377
USA	145	986	1208	01:20:56	06:35:21	04:56:28	13:10:24	2373
USA	146	988	1211	01:20:56	06:24:15	05:02:43	13:10:47	2369
USA	237	989	1212	01:35:28	06:05:26	05:15:55	13:10:55	1923
USA	238	991	1215	01:29:07	06:13:03	05:13:47	13:11:33	1915
USA	128	992	1216	01:21:58	05:48:07	05:39:50	13:11:46	2091
USA	129	995	1219	01:26:35	06:17:58	05:08:53	13:11:50	2090
USA	109	996	1220	01:30:09	06:45:04	04:36:01	13:11:53	2660
USA	239	997	1222	01:15:22	06:22:03	05:23:44	13:12:30	1904
USA	130	999	1226	01:23:43	06:24:20	04:53:40	13:13:02	2075
USA	131	1000	1227	01:27:21	06:24:18	04:53:39	13:13:02	2075
USA	110	1001	1228	01:19:12	06:46:25	04:49:24	13:13:03	2646
USA	111	1004	1233	01:24:34	06:06:34	05:27:41	13:14:03	2634
USA	133	1008	1237	01:16:19	06:33:00	05:12:23	13:14:26	2059
USA	134	1009	1238	01:15:19	06:55:09	04:49:16	13:14:30	2058
USA	242	1012	1241	01:08:57	05:35:40	06:12:54	13:14:51	1876
USA	243	1015	1245	01:32:27	06:14:47	05:10:22	13:15:40	1866
USA	35	1018	1250	01:16:11	06:26:52	05:14:48	13:16:26	2594
USA	135	1021	1253	00:57:21	06:21:41	05:42:23	13:16:39	2032
USA	138	1028	1261	01:12:14	06:39:49	05:10:22	13:17:49	2018
USA	196	1031	1264	01:12:28	06:20:38	05:22:55	13:18:16	2379
USA	139	1032	1265	01:07:34	06:12:29	05:41:14	13:18:18	2012
USA	197	1035	1269	01:28:50	06:21:01	05:15:26	13:18:54	2371
USA	114	1036	1270	01:22:16	06:19:08	05:21:46	13:19:07	2574
USA	37	1037	1271	01:29:05	06:34:34	04:58:12	13:19:09	2561
USA	140	1039	1273	01:13:19	06:11:01	05:42:14	13:19:35	1997
USA	248	1042	1278	01:18:39	05:58:52	05:47:12	13:20:15	1811
USA	249	1043	1279	01:25:03	06:00:15	05:37:18	13:20:32	1807
USA	151	1047	1283	01:32:09	06:41:32	04:49:50	13:21:20	2242
USA	250	1048	1284	01:24:21	06:38:32	05:05:00	13:21:32	1795
USA	199	1050	1286	01:18:30	06:02:03	05:43:38	13:22:30	2328
USA	141	1051	1289	01:29:07	06:51:21	04:48:47	13:23:02	1955
USA	152	1053	1291	01:21:47	06:31:19	05:13:29	13:23:17	2219
USA	90	1058	1301	01:23:57	06:54:59	04:50:40	13:24:30	2092
USA	251	1059	1304	01:23:42	06:34:19	05:07:02	13:24:56	1755
USA	119	1061	1309	01:02:57	06:27:18	05:32:05	13:25:20	2499
USA	142	1062	1310	01:42:52	06:14:06	05:13:20	13:25:27	1926
USA	143	1063	1311	01:14:03	06:03:14	05:46:38	13:25:36	1925
USA	155	1067	1318	01:25:38	06:43:42	04:51:00	13:26:36	2179
USA	202	1071	1324	01:14:31	06:35:01	05:20:07	13:27:32	2267
USA	156	1074	1328	01:22:18	07:02:10	04:45:40	13:27:54	2163
USA	121	1077	1331	01:08:26	06:38:12	05:24:06	13:28:30	2461
USA	44	1079	1333	01:20:38	06:07:38	05:48:46	13:28:42	2447
USA	16	1080	1335	01:11:04	06:28:59	05:26:19	13:28:56	3279
USA	203	1087	1348	01:35:50	06:28:45	05:06:56	13:30:51	2228
USA	45	1091	1356	01:06:54	06:51:01	05:04:54	13:32:19	2403
USA	161	1093	1358	01:14:31	06:08:49	05:55:55	13:32:50	2104
USA	257	1094	1360	01:28:13	06:31:22	05:15:01	13:33:01	1658
USA	125	1098	1367	01:26:16	06:45:59	05:07:21	13:33:43	2398
USA	147	1102	1374	01:22:00	06:38:42	05:14:58	13:34:22	1819
USA	162	1104	1376	01:21:02	06:25:40	05:26:57	13:34:36	2083
USA	261	1107	1379	01:35:53	06:22:52	05:12:57	13:34:48	1636
USA	126	1108	1381	01:26:14	06:43:42	05:07:25	13:35:06	2382
USA	33	1109	1382	01:10:33	06:59:31	05:09:12	13:35:08	2963
USA	127	1111	1384	01:17:04	06:39:16	05:21:21	13:35:19	2379
USA	262	1112	1387	01:05:00	06:00:31	06:11:09	13:35:36	1627
USA	128	1119	1400	01:24:59	06:33:17	05:22:19	13:37:46	2350
USA	92	1121	1404	01:06:11	06:36:57	05:38:56	13:38:24	1925
USA	129	1122	1405	01:15:34	06:43:18	05:21:04	13:38:50	2337
USA	49	1128	1413	01:31:20	06:58:05	04:50:43	13:39:30	2317
USA	131	1130	1415	01:26:54	06:41:57	05:09:12	13:39:38	2327
USA	265	1133	1421	01:18:06	06:59:31	04:57:18	13:39:57	1574
USA	134	1136	1427	01:17:18	06:29:26	05:37:43	13:40:59	2311
USA	209	1137	1428	01:23:50	06:47:47	05:13:31	13:41:08	2104
USA	266	1138	1429	01:30:22	06:50:43	05:06:39	13:41:08	1560
USA	267	1139	1431	01:31:01	06:50:57	05:03:14	13:41:42	1553
USA	210	1140	1432	01:17:47	07:00:09	05:04:12	13:41:51	2096
USA	167	1141	1434	01:27:38	06:32:26	05:23:16	13:42:00	1994
USA	35	1142	1435	01:14:28	07:33:13	04:34:51	13:42:10	2879
USA	268	1143	1436	01:15:19	06:08:33	06:06:00	13:42:11	1548
USA	135	1146	1439	01:26:08	05:51:29	06:10:45	13:42:19	2295
USA	270	1148	1443	01:16:36	06:11:52	05:58:19	13:42:44	1541
USA	51	1149	1445	01:41:46	07:03:11	04:48:08	13:43:03	2274
USA	271	1150	1446	01:21:58	06:20:47	05:44:40	13:43:08	1536
USA	213	1151	1447	01:33:34	06:40:57	05:08:21	13:43:32	2075
USA	168	1154	1450	01:22:00	06:33:13	05:29:16	13:44:10	1968
USA	137	1159	1456	01:35:38	06:20:51	05:31:14	13:45:00	2263
USA	272	1161	1460	01:28:01	06:22:35	05:41:26	13:45:13	1511
USA	215	1162	1461	01:31:45	06:22:19	05:34:23	13:45:19	2054
USA	216	1163	1462	01:20:22	07:04:07	05:05:46	13:45:20	2054
USA	217	1169	1471	01:28:25	06:51:42	05:10:30	13:46:12	2043
USA	4	1170	1472	01:31:33	07:10:26	04:49:55	13:46:13	3312
USA	140	1171	1474	01:10:03	06:13:31	06:07:24	13:47:05	2238
USA	53	1172	1476	01:18:32	06:34:20	05:33:37	13:47:28	2221
USA	141	1174	1478	01:31:55	06:21:45	05:34:31	13:47:46	2230
USA	152	1175	1480	01:17:33	06:40:36	05:34:36	13:47:55	1657
USA	219	1176	1482	01:18:52	06:23:02	05:47:23	13:48:16	2019
USA	143	1181	1489	01:12:45	06:02:59	06:15:23	13:49:12	2213
USA	154	1183	1491	01:24:26	06:31:03	05:36:54	13:49:28	1638
USA	220	1184	1492	01:19:19	07:04:30	05:10:45	13:49:35	2003
USA	172	1185	1493	01:15:56	06:40:58	05:39:16	13:49:43	1901
USA	96	1196	1505	01:25:21	06:54:47	05:15:01	13:51:41	1766
USA	155	1203	1517	01:17:01	07:25:39	04:47:45	13:54:10	1582
USA	148	1205	1519	01:25:32	06:22:42	05:49:11	13:54:48	2145
USA	280	1206	1520	01:07:37	06:21:10	06:10:32	13:54:48	1396
USA	174	1207	1522	01:19:15	07:23:34	04:53:28	13:55:16	1835
USA	175	1210	1529	01:24:58	06:35:28	05:36:00	13:56:36	1819
USA	151	1212	1532	01:11:23	06:13:41	06:15:10	13:57:02	2119
USA	152	1213	1534	01:25:04	07:20:20	04:59:41	13:57:44	2110
USA	281	1216	1539	01:31:24	06:59:41	05:10:06	13:58:06	1357
USA	282	1217	1540	01:13:36	06:39:51	05:54:30	13:58:20	1354
USA	57	1219	1543	01:33:06	06:46:09	05:24:41	13:58:40	2087
USA	153	1220	1544	01:22:09	06:53:40	05:22:13	13:58:46	2098
USA	177	1223	1548	01:19:09	07:02:58	05:16:03	13:59:33	1783
USA	154	1224	1550	01:12:14	06:29:04	05:57:36	13:59:37	2088
USA	18	1226	1555	01:29:00	06:55:02	05:15:35	14:00:35	2900
USA	224	1235	1569	01:18:12	06:17:31	06:11:22	14:02:41	1846
USA	159	1236	1570	01:09:24	06:44:53	05:50:55	14:02:54	2048
USA	161	1238	1574	01:25:53	07:03:37	05:18:31	14:03:35	2040
USA	225	1239	1576	01:14:07	06:36:55	05:54:25	14:03:38	1834
USA	160	1241	1578	01:15:50	06:50:32	05:41:17	14:03:54	1465
USA	178	1242	1580	01:47:05	06:48:04	05:04:31	14:04:29	1724
USA	98	1246	1584	01:25:30	06:51:50	05:30:19	14:05:14	1603
USA	227	1247	1585	01:19:03	06:53:31	05:29:36	14:05:15	1815
USA	100	1249	1589	01:10:40	06:37:22	06:02:27	14:05:53	1595
USA	228	1250	1590	01:23:38	06:15:51	06:11:15	14:05:57	1806
USA	181	1251	1591	01:24:58	06:15:42	06:05:29	14:06:33	1699
USA	161	1252	1592	01:19:23	06:49:38	05:45:29	14:06:34	1433
USA	285	1253	1593	01:23:02	06:06:14	06:17:26	14:06:53	1251
USA	229	1258	1603	01:28:42	06:58:40	05:13:35	14:08:30	1776
USA	162	1259	1604	01:04:02	07:27:18	05:16:59	14:08:40	1408
USA	163	1260	1605	01:04:01	07:28:19	05:16:59	14:08:40	1408
USA	38	1261	1606	01:09:09	06:35:26	06:01:46	14:08:45	2560
USA	287	1262	1607	01:48:29	06:38:38	05:23:28	14:09:37	1218
USA	230	1263	1608	01:17:42	06:37:28	06:00:49	14:10:07	1756
USA	233	1268	1616	01:24:04	06:25:52	06:06:37	14:11:50	1736
USA	164	1270	1619	01:32:46	06:40:24	05:44:47	14:12:39	1931
USA	234	1271	1620	01:27:07	06:51:58	05:35:41	14:13:13	1719
USA	101	1272	1621	01:34:56	07:11:20	05:11:26	14:13:13	1507
USA	288	1273	1622	01:09:42	06:49:41	05:53:51	14:13:27	1172
USA	289	1274	1623	01:31:25	07:14:14	05:11:36	14:13:29	1172
USA	186	1275	1624	01:22:46	07:15:49	05:16:54	14:13:43	1613
USA	164	1276	1625	01:42:15	06:26:28	05:51:52	14:14:03	1343
USA	187	1277	1627	01:13:46	06:43:22	05:56:42	14:15:01	1598
USA	39	1283	1634	01:08:16	07:03:11	05:43:51	14:15:47	2476
USA	20	1284	1635	01:28:06	06:22:10	06:11:26	14:15:52	2716
USA	236	1285	1637	01:22:05	06:58:09	05:36:27	14:16:05	1685
USA	190	1286	1638	01:30:29	06:37:32	05:57:03	14:16:15	1583
USA	237	1287	1639	01:13:00	06:03:57	06:27:52	14:16:20	1682
USA	191	1288	1642	01:36:27	06:45:38	05:37:19	14:16:30	1580
USA	238	1289	1644	01:19:06	07:15:01	05:21:19	14:17:07	1672
USA	290	1290	1645	01:17:53	07:15:38	05:26:07	14:17:32	1123
USA	291	1293	1652	01:19:29	07:10:25	05:28:59	14:18:46	1109
USA	294	1296	1655	01:24:49	06:29:17	06:03:56	14:19:24	1101
USA	240	1299	1662	01:23:58	07:08:50	05:32:30	14:20:34	1631
USA	61	1301	1665	01:47:39	06:43:57	05:30:46	14:21:54	1808
USA	21	1303	1668	01:26:41	06:33:06	06:01:06	14:22:06	2641
USA	242	1306	1671	01:35:51	06:41:50	05:38:49	14:22:14	1611
USA	166	1307	1673	01:33:37	06:46:19	05:42:48	14:22:36	1812
USA	167	1310	1677	01:28:12	06:54:30	05:34:57	14:23:25	1802
USA	295	1311	1678	01:16:18	06:26:16	06:23:29	14:23:31	1052
USA	245	1314	1687	01:34:15	06:38:25	05:57:15	14:25:19	1574
USA	62	1320	1695	01:32:50	07:14:08	05:25:24	14:26:19	1755
USA	169	1326	1701	01:33:33	06:47:26	05:45:36	14:27:30	1753
USA	195	1328	1703	01:57:41	06:34:25	05:43:36	14:28:07	1441
USA	298	1329	1705	01:33:55	06:51:17	05:49:52	14:28:21	1000
USA	299	1330	1707	01:25:33	06:32:15	06:08:49	14:28:26	1000
USA	300	1331	1708	01:30:45	06:55:46	05:37:38	14:28:34	1000
USA	302	1334	1713	01:15:38	05:54:11	07:01:17	14:29:19	1000
USA	249	1336	1717	01:18:44	06:55:07	06:00:52	14:30:18	1514
USA	251	1340	1724	01:23:07	06:31:50	06:18:45	14:31:37	1498
USA	196	1341	1725	01:19:26	07:18:49	05:21:17	14:31:40	1398
USA	168	1344	1732	01:26:48	07:15:18	05:23:42	14:32:49	1118
USA	252	1347	1735	01:25:09	06:47:11	06:05:25	14:32:58	1482
USA	305	1350	1740	01:37:02	07:05:21	05:42:39	14:34:11	1000
USA	306	1351	1741	01:35:24	07:08:04	05:27:17	14:34:20	1000
USA	307	1352	1744	01:14:05	07:10:45	05:47:17	14:34:56	1000
USA	106	1353	1745	01:25:46	06:37:27	06:17:26	14:35:00	1246
USA	199	1354	1748	01:38:24	06:52:47	05:45:53	14:35:26	1353
USA	200	1356	1751	01:24:27	06:43:07	06:07:53	14:35:57	1347
USA	172	1357	1752	01:04:33	06:15:20	06:56:53	14:35:58	1651
USA	22	1358	1754	01:29:44	06:52:01	05:57:26	14:36:23	2470
USA	310	1360	1756	01:23:07	06:53:49	05:56:26	14:36:50	1000
USA	173	1364	1761	01:53:44	07:13:06	05:19:14	14:38:12	1625
USA	202	1369	1771	01:16:54	06:56:57	06:09:56	14:40:54	1287
USA	169	1371	1773	01:13:11	07:14:27	05:55:00	14:41:28	1014
USA	67	1372	1775	01:25:29	06:49:11	06:11:16	14:41:33	1572
USA	314	1373	1777	01:20:22	06:13:34	06:52:56	14:42:00	1000
USA	170	1374	1779	00:54:26	07:17:48	06:14:20	14:42:23	1003
USA	257	1375	1780	01:32:25	06:48:56	06:02:33	14:42:27	1368
USA	258	1376	1782	01:13:19	06:51:09	06:23:43	14:43:08	1360
USA	171	1377	1783	01:42:07	07:05:11	05:23:04	14:43:08	1000
USA	316	1380	1786	01:32:17	07:02:41	05:49:33	14:43:33	1000
USA	319	1385	1794	01:08:06	06:52:37	06:25:39	14:45:04	1000
USA	320	1388	1797	01:22:34	06:37:37	06:32:53	14:45:33	1000
USA	203	1389	1798	01:17:01	06:35:26	06:35:57	14:45:35	1231
USA	172	1391	1801	01:29:14	06:51:35	06:12:47	14:46:20	1000
USA	1	1392	1803	01:30:19	06:56:28	06:07:12	14:46:49	5000
USA	173	1394	1805	01:30:57	07:33:09	05:30:01	14:47:01	1000
USA	7	1397	1814	01:08:25	07:19:24	06:00:31	14:50:15	2544
USA	260	1399	1817	01:46:20	07:16:24	05:34:29	14:50:57	1266
USA	322	1400	1818	01:26:11	07:13:43	05:56:41	14:51:06	1000
USA	177	1401	1819	01:18:08	07:35:35	05:31:21	14:51:11	1469
USA	261	1403	1821	01:19:48	06:22:38	06:56:01	14:51:56	1255
USA	324	1408	1828	01:17:16	06:22:09	06:57:23	14:53:12	1000
USA	179	1410	1830	01:52:56	07:18:29	05:17:54	14:53:15	1444
USA	264	1412	1832	01:10:08	06:45:15	06:21:16	14:53:21	1238
USA	180	1415	1835	01:33:12	07:50:11	05:11:30	14:53:46	1438
USA	181	1418	1840	01:32:55	07:49:18	05:06:56	14:54:50	1425
USA	265	1420	1842	01:32:35	07:00:16	06:02:55	14:55:53	1207
USA	266	1422	1845	01:58:30	07:12:14	05:28:23	14:56:54	1195
USA	209	1426	1849	01:29:34	06:26:25	06:36:33	14:57:59	1082
USA	72	1428	1851	01:18:02	06:53:53	06:24:43	14:58:00	1375
USA	210	1429	1855	01:19:23	07:27:57	05:51:48	14:58:48	1072
USA	328	1431	1858	01:52:12	07:21:45	05:25:29	14:59:23	1000
USA	267	1432	1859	01:20:34	06:34:15	06:48:24	14:59:35	1163
USA	268	1433	1860	01:43:34	07:15:30	05:39:00	14:59:50	1160
USA	329	1434	1862	01:19:46	07:08:52	06:08:09	15:00:22	1000
USA	73	1435	1865	01:29:20	07:18:35	05:56:02	15:00:38	1343
USA	74	1436	1866	01:21:24	07:02:04	06:12:57	15:00:41	1343
USA	270	1440	1871	01:24:23	06:27:01	06:45:16	15:01:15	1143
USA	42	1442	1877	01:17:41	07:54:41	05:36:38	15:03:18	1905
USA	272	1443	1878	01:27:42	07:24:19	05:49:31	15:03:38	1114
USA	273	1444	1879	01:38:25	07:28:10	05:34:52	15:04:03	1109
USA	185	1448	1884	01:44:26	07:04:07	05:51:11	15:05:19	1299
USA	8	1452	1890	01:21:39	06:50:10	06:23:44	15:06:23	2350
USA	186	1453	1891	01:27:32	07:06:21	06:18:38	15:06:32	1285
USA	275	1454	1893	01:38:44	06:58:31	06:07:55	15:06:35	1079
USA	176	1462	1906	01:11:59	06:46:05	07:00:39	15:09:35	1000
USA	190	1465	1909	01:46:24	07:57:54	05:05:27	15:10:00	1243
USA	27	1467	1916	01:26:28	07:33:42	05:56:22	15:13:52	2020
USA	277	1469	1918	01:46:22	07:26:11	05:44:33	15:14:46	1000
USA	333	1470	1919	01:29:02	07:00:15	06:22:31	15:15:08	1000
USA	215	1471	1922	01:47:40	07:29:04	05:29:36	15:16:29	1000
USA	177	1472	1923	01:25:31	07:11:46	06:22:35	15:16:29	1000
USA	278	1473	1924	01:35:42	07:19:32	05:53:14	15:17:03	1000
USA	192	1476	1927	01:28:56	07:23:45	06:03:00	15:18:22	1143
USA	282	1479	1931	01:28:27	07:42:05	05:43:12	15:19:32	1000
USA	75	1480	1933	01:40:50	06:57:38	06:15:53	15:20:09	1109
USA	179	1483	1938	01:17:26	07:06:54	06:16:27	15:20:39	1000
USA	76	1484	1939	01:07:52	07:28:42	06:28:21	15:21:03	1098
USA	194	1485	1940	01:16:31	07:16:38	06:29:07	15:21:10	1109
USA	334	1490	1948	01:25:07	06:26:43	07:16:25	15:23:11	1000
USA	216	1491	1949	01:24:15	07:28:15	06:15:15	15:23:25	1000
USA	28	1495	1959	01:34:33	06:55:16	06:34:08	15:25:31	1880
USA	197	1497	1964	01:21:27	07:34:30	06:11:11	15:26:33	1044
USA	335	1498	1965	01:35:49	07:35:41	05:52:26	15:27:14	1000
USA	284	1499	1968	01:29:23	07:12:08	06:07:25	15:29:20	1000
USA	285	1502	1974	01:20:37	07:23:27	06:30:39	15:30:18	1000
USA	287	1504	1978	01:45:09	07:12:11	05:57:07	15:31:33	1000
USA	199	1506	1980	02:08:31	07:31:59	05:28:08	15:32:18	1000
USA	112	1507	1982	01:15:59	07:35:15	06:26:27	15:33:02	1000
USA	288	1508	1985	01:56:20	06:52:16	06:32:03	15:34:40	1000
USA	289	1509	1986	01:36:05	07:17:42	06:11:07	15:35:00	1000
USA	78	1510	1989	01:31:00	07:33:50	06:13:26	15:36:00	1000
USA	290	1511	1993	01:27:55	07:31:01	06:17:41	15:37:12	1000
USA	200	1512	1994	01:28:30	07:27:52	06:08:34	15:37:23	1000
USA	201	1513	1995	01:43:40	07:19:02	06:08:49	15:37:36	1000
USA	202	1514	2000	01:31:11	07:50:14	06:00:08	15:41:07	1000
USA	79	1515	2002	01:44:35	07:48:43	05:49:30	15:42:45	1000
USA	203	1516	2003	01:24:08	07:43:44	05:58:48	15:42:59	1000
USA	30	1517	2004	01:24:13	06:53:04	07:04:57	15:43:35	1664
USA	181	1519	2007	01:33:52	07:34:20	06:22:50	15:45:48	1000
USA	336	1520	2009	01:51:26	08:27:48	05:03:58	15:46:42	1000
USA	31	1521	2010	01:27:09	07:18:16	06:39:20	15:47:10	1621
USA	182	1523	2012	01:36:09	07:24:17	06:23:13	15:47:59	1000
USA	32	1526	2018	01:43:37	07:42:24	06:03:54	15:50:08	1585
USA	291	1527	2020	01:54:36	08:20:11	05:19:10	15:50:57	1000
USA	1	1528	2021	02:19:34	08:01:03	04:45:56	15:50:58	5000
USA	83	1530	2024	01:35:41	07:18:13	06:38:58	15:51:22	1000
USA	219	1531	2025	01:46:42	07:45:17	05:54:20	15:51:48	1000
USA	183	1532	2026	01:37:32	08:15:53	05:37:38	15:52:08	1000
USA	204	1535	2030	01:31:05	07:33:23	06:23:48	15:53:50	1000
USA	293	1536	2031	01:39:52	07:00:15	06:58:06	15:54:00	1000
USA	10	1538	2035	01:18:53	07:42:39	06:40:15	15:56:38	1747
USA	85	1541	2038	01:48:50	07:41:03	06:05:20	15:57:03	1000
USA	206	1543	2040	01:27:23	07:34:22	06:29:17	15:59:08	1000
USA	295	1544	2041	01:30:35	07:27:03	06:33:11	15:59:12	1000
USA	33	1546	2044	01:33:43	07:19:03	06:10:12	15:59:32	1472
USA	1	1550	2048	01:36:27	07:55:54	06:05:31	16:00:52	5000
USA	297	1552	2050	01:30:33	06:54:18	07:18:02	16:01:46	1000
USA	299	1554	2052	01:28:56	07:44:16	06:26:27	16:01:55	1000
USA	185	1555	2053	01:12:51	07:40:52	06:43:58	16:02:03	1000
USA	340	1556	2054	01:23:06	07:33:22	06:44:28	16:02:08	1000
USA	341	1557	2057	01:16:50	07:27:06	06:59:11	16:03:30	1000
USA	222	1559	2060	01:29:25	07:29:03	06:43:03	16:04:56	1000
USA	301	1560	2061	01:36:51	07:53:36	06:17:30	16:05:11	1000
USA	302	1561	2062	01:41:37	07:34:31	06:29:18	16:06:29	1000
USA	342	1562	2064	01:26:01	07:32:08	06:35:42	16:06:36	1000
USA	343	1566	2070	01:26:49	07:29:07	06:48:02	16:08:00	1000
USA	35	1570	2074	01:44:47	07:13:05	06:53:47	16:08:52	1360
USA	186	1572	2077	01:14:10	07:39:53	07:03:47	16:11:43	1000
USA	303	1574	2089	01:30:45	07:50:27	06:40:50	16:18:28	1000
USA	88	1575	2090	01:59:47	07:45:47	06:06:37	16:18:29	1000
USA	224	1577	2093	01:58:38	07:38:59	06:15:22	16:21:48	1000
USA	347	1579	2098	01:32:38	07:50:33	06:39:22	16:23:18	1000
USA	348	1580	2099	01:31:38	07:46:02	06:44:48	16:23:20	1000
USA	349	1581	2100	01:30:58	07:58:09	06:28:53	16:23:29	1000
USA	304	1582	2101	01:23:28	07:21:04	07:20:40	16:23:53	1000
USA	211	1588	2108	01:43:51	07:34:05	06:51:22	16:26:38	1000
USA	37	1589	2109	01:40:58	07:14:31	07:05:07	16:27:15	1140
USA	187	1594	2116	01:14:32	07:16:49	07:39:19	16:31:51	1000
USA	350	1595	2117	01:43:20	08:07:41	06:25:41	16:32:19	1000
USA	89	1600	2131	01:34:14	07:35:18	07:05:16	16:39:01	1000
USA	308	1602	2134	01:38:24	08:30:22	06:16:16	16:39:39	1000
USA	215	1603	2135	01:44:20	08:11:28	06:18:08	16:40:01	1000
USA	90	1604	2136	01:34:05	07:35:47	07:15:52	16:40:05	1000
USA	188	1605	2137	01:17:33	07:49:08	07:14:54	16:41:00	1000
USA	309	1606	2139	01:48:13	08:22:58	06:10:25	16:41:43	1000
USA	114	1607	2140	01:29:17	08:26:21	06:22:28	16:42:14	1000
USA	39	1608	2141	01:42:01	07:12:46	07:29:58	16:43:42	1000
USA	11	1610	2146	01:46:51	08:11:38	06:23:13	16:45:49	1157
USA	228	1612	2148	01:18:43	08:27:26	06:44:42	16:50:49	1000
USA	---	---	---	01:42:14	07:48:18	07:23:54	DNF	---
USA	---	---	---	02:04:43	---	---	DNF	---
USA	---	---	---	01:38:14	08:46:21	---	DNF	---
USA	---	---	---	01:38:29	---	---	DNF	---
USA	---	---	---	01:30:56	08:08:06	---	DNF	---
USA	---	---	---	---	---	---	DQ	---
USA	---	---	---	01:13:04	06:10:31	---	DNF	---
USA	---	---	---	01:20:45	07:37:08	---	DNF	---
USA	---	---	---	02:08:04	---	---	DNF	---
USA	---	---	---	01:33:18	---	---	DNF	---
USA	---	---	---	01:12:27	05:32:52	---	DNF	---
USA	---	---	---	01:52:22	08:19:21	06:32:26	DNF	---
USA	---	---	---	01:12:23	---	---	DNF	---
USA	---	---	---	01:06:24	05:11:28	---	DNF	---
USA	---	---	---	01:23:17	07:00:45	---	DNF	---
USA	---	---	---	01:17:52	---	---	DNF	---
USA	---	---	---	01:13:41	05:57:48	---	DNF	---
USA	---	---	---	00:53:55	---	---	DNF	---
USA	---	---	---	00:49:16	05:02:11	---	DNF	---
USA	---	---	---	---	---	---	DNS	---
USA	---	---	---	---	---	---	DNS	---
USA	---	---	---	00:54:26	---	---	DNF	---
USA	---	---	---	01:45:58	07:53:04	---	DNF	---
USA	---	---	---	01:08:00	---	---	DNF	---
USA	---	---	---	---	---	---	DNS	---
USA	---	---	---	---	---	---	DNS	---
USA	---	---	---	02:08:08	---	---	DNF	---
USA	---	---	---	01:12:42	06:15:24	---	DNF	---
USA	---	---	---	01:01:16	04:48:50	---	DNF	---
USA	---	---	---	01:18:08	---	---	DNF	---
USA	---	---	---	01:44:16	---	---	DNF	---
USA	---	---	---	01:09:32	05:54:45	---	DNF	---
USA	---	---	---	---	---	---	DNS	---
USA	---	---	---	01:19:21	06:00:04	---	DNF	---
USA	---	---	---	---	---	---	DNS	---
USA	---	---	---	01:07:28	---	---	DNF	---
USA	---	---	---	01:02:39	---	---	DNF	---
USA	---	---	---	01:47:38	07:58:19	---	DNF	---
USA	---	---	---	01:33:00	08:43:19	06:36:36	DNF	---
USA	---	---	---	---	---	---	DNS	---
USA	---	---	---	01:05:36	05:06:53	---	DNF	---
USA	---	---	---	---	---	---	DNS	---
USA	---	---	---	01:31:27	04:32:06	---	DNF	---
USA	---	---	---	00:53:21	05:11:59	---	DNF	---
USA	---	---	---	---	---	---	DQ	---
USA	---	---	---	01:10:16	---	---	DNF	---
USA	---	---	---	01:38:06	08:34:36	---	DNF	---
USA	---	---	---	01:00:49	05:14:16	---	DNF	---
USA	---	---	---	01:29:57	06:59:02	---	DNF	---
USA	---	---	---	01:21:00	05:45:06	---	DNF	---
USA	---	---	---	---	---	---	DNS	---
USA	---	---	---	01:18:40	---	---	DNF	---
USA	---	---	---	01:17:07	06:25:03	---	DNF	---
USA	---	---	---	---	---	---	DNS	---
USA	---	---	---	---	---	---	DNS	---
USA	---	---	---	01:27:22	06:35:23	---	DNF	---
USA	---	---	---	01:07:05	06:12:23	---	DNF	---
USA	---	---	---	01:28:15	---	---	DNF	---
USA	---	---	---	01:52:48	---	---	DNF	---
USA	---	---	---	01:21:45	---	---	DNF	---
USA	---	---	---	01:33:30	08:37:22	---	DNF	---
USA	---	---	---	---	---	---	DNS	---
USA	---	---	---	---	---	---	DNS	---
USA	---	---	---	---	---	---	DQ	---
USA	---	---	---	01:32:56	---	---	DNF	---
USA	---	---	---	01:31:34	---	---	DNF	---
